F_m,F_nesklon,I_m,I_f,P of Birth,Area,City,Street,,,КЛАДР (всероссийская база с улицами и пр)
Абрамов,Евтушенко,Александр,Анна,Октябрьский,Амурская,Абакан,Абадзехская,,,
Авдеев,Степаненко,Михаил,Мария,Разумное,Архангельская,Абан,Больничный,,,
Агафонов,Штейн,Даниил,Софья,Северный,Астраханская,Абатский,Бульварная,,,
Аксёнов,Штерн,Кирилл,Василиса,Борисовка,Белгородская,Абдулино,Школьная,,,
Александров,Ягель,Алексей,Анастасия,Уразово,Брянская,Абезь,Чернядьева,,,
Алексеев,Пусько,Дмитрий,Вероника,Вейделевка,Владимирская,Абинск,Советская,,,
Андреев,Броздыка,Виктор,Алиса,Волоконовка,Волгоградская,Абрамцево,Воинцева,,,
Анисимов,Элшан-оглы,Матвей,Виктория,Пятницкое,Вологодская,Абрау-Дюрсо,Снежная,,,
Антонов,,Егор,Кира,Ивня,Воронежская,Аган,Фарраха Давлетшина,,,
Артемьев,,Иван,Маргарита,Красная Яруга,Ивановская,Агаповка,Трактовая,,,
Архипов,,Максим,Таисия,Прохоровка,Иркутская,Агвали,Советская,,,
Афанасьев,,Владимир,Ксения,Ракитное,Калининградская,Агеево,Научная,,,
Баранов,,Тимофей,Дарья,Пролетарский,Калужская,Агинское,Мусиева,,,
Белоусов,,Илья,Елена,Ровеньки,Кемеровскаяасть - Кузбасс,Агрыз,Ногмова,,,
Беляев,,Роман,Полина,Чернянка,Кировская,Адамовка,Кубанова,,,
Белов,,Артем,Агата,Томаровка,Костромская,Адыгейск,Малое Ковжино,,,
Белозёров,,Денис,Ева,Яковлево,Курганская,Азнакаево,Осиновый,,,
Беляков,,Никита,Александра,Балакирево,Курская,Азов,Маяковского,,,
Блинов,,Мирон,Ника,Мстера,Ленинградская,Айдырлинский,Фрунзе,,,
Бобров,,Лев,Екатерина,Никологоры,Липецкая,Айкино,Покровская,,,
Богданов,,Григорий,Татьяна,Анопино,Магаданская,Ак-Довурак,Кирпичная,,,
Большаков,,Арсений,Милана,Великодворский,Московская,Акбулак,Пионерская,,,
Борисов,,Степан,Любовь,Добрятино,Мурманская,Аккермановка,Зайни Султана,,,
Брагин,,Ярослав,Варвара,Золотково,Нижегородская,Аксай,Лесная,,,
Буров,,Евгений,Арина,Иванищи,Новгородская,Аксаково,Блюхера,,,
Быков,,Василий,Елизавета,Красное Эхо,Новосибирская,Аксарка,Машиностроительная,,,
Васильев,,Богдан,Вера,Мезиновский,Омская,Аксеново-Зиловское,М.Джалиля,,,
Виноградов,,Андрей,Валерия,Уршельский,Оренбургская,Аксубаево,Молодежная,,,
Вишняков,,Дамир,Мирослава,Мелехово,Орловская,Актюбинский,Кызыл-Суг,,,
Владимиров,,Федор,Ульяна,Вольгинский,Пензенская,Акутиха,Коммунаров,,,
Власов,,Сергей,Амалия,Городищи,Псковская,Акуша,Октябрьская,,,
Волков,,Демьян,Злата,Красная Горбатка,Ростовская,Акша,Ленина,,,
Воробьёв,,Николай,Олеся,Ставрово,Рязанская,Алабино,Нефтяной 5-й,,,
Воронов,,Тимур,Надежда,Воротынск,Самарская,Алагир,М.Висаитова,,,
Воронцов,,Эрик,Диана,Бабынино,Саратовская,Алапаевск,Хвойная,,,
Гаврилов,,Марк,Камилла,Муромцево,Сахалинская,Алатырь,Октября,,,
Галкин,,Павел,Евгения,Сабуровщино,Свердловская,Алдан,Амурский 8-й,,,
Герасимов,,Глеб,Юлия,Утешево,Смоленская,Алейск,Заречная,,,
Голубев,,Артемий,Ярослава,Бабынино,Тамбовская,Александров,Береговая,,,
Горбунов,,Вадим,Кристина,Асмолово,Тверская,Александровск-Сахалинский,Степная,,,
Гордеев,,Савелий,Эвелина,Барятино,Томская,Александровский Завод,Могилевская,,,
Горшков,,Борис,Лаура,Бахмутово,Тульская,Александровское,Маяковского,,,
Григорьев,,Назар,Наталья,Сильковичи,Тюменская,Алексеевка,Известинский,,,
Гришин,,Мирослав,Лиана,Асеньевское,Ульяновская,Алексеевск,Куйбышева,,,
Громов,,Захар,Оксана,Ворсино,Челябинская,Алексеевская,Раздольная,,,
Гусев,,Яков,Марианна,Совьяки,Ярославская,Алексеевское,Спортивная,,,
Гурьев,,Станислав,Гюзель,Кривское,Еврейская,Алексин,Матросова,,,
Гущин,,Игорь,Эрика,Пятовский,,Алзамай,Береговая,,,
Давыдов,,Платон,Эльмира,Товарково,,Аликово,Ленина,,,
Данилов,,Антон,Венера,Никольское,,Алмазный,Гаражная 2-я,,,
Дементьев,,,,Барсуки,,Алнаши,Высоцкого,,,
Денисов,,,,Галкино,,Алтухово,Луговая,,,
Дмитриев,,,,Сени,,Алтынай,Мичурина,,,
Доронин,,,,Дворцы,,Алыгжер,Ивановская,,,
Дорофеев,,,,Жилетово,,Альменево,Комсомольский,,,
Дроздов,,,,Редькино,,Альметьевск,Хуторская,,,
Дьячков,,,,Карцово,,Амазар,Лысогорский,,,
Жданов,,,,Льва Толстого,,Амбарный,Полевая,,,
Жуков,,,,Совхоз Чкаловский,,Амга,Октябрьский,,,
Журавлёв,,,,Старки,,Амдерма,Грушевая,,,
Зайцев,,,,Рудня,,Амзя,Взлетная,,,
Захаров,,,,Совхоз им Ленина,,Амурск,Миитовская,,,
Зимин,,,,Думиничи,,Анадырь,Южный,,,
Зуев,,,,Брынь,,Анапа,Военный,,,
Евдокимов,,,,Буда,,Ангарск,Царевский,,,
Евсеев,,,,Вертное,,Андреаполь,Тихая,,,
Егоров,,,,Высокое,,Андреево,Набережная,,,
Елисеев,,,,Верхнее Гульцово,,Андропов,Средняя,,,
Емельянов,,,,Дубровка,,Анжеро-Судженск,Луговая,,,
Ермаков,,,,Думиничи,,Анива,Советская,,,
Ершов,,,,Новослободск,,Анна,Дальний,,,
Ефимов,,,,Которь,,Анопино,Садовая,,,
Ефремов,,,,Маклаки,,Антропово,Липовая,,,
Иванов,,,,Маслово,,Анучино,Каменная,,,
Игнатов,,,,Хотьково,,Анциферово,Сборный,,,
Игнатьев,,,,Чернышено,,Апастово,Дубинец,,,
Ильин,,,,Акимовка,,Апатиты,Ермака,,,
Исаев,,,,Овсорок,,Апрелевка,Верхний,,,
Исаков,,,,Огорь,,Апшеронск,Лесная,,,
Кабанов,,,,Студенец,,Арамиль,Лосевская,,,
Казаков,,,,"Совхоз ""Коллективизатор""",,Арбагар,Челюскинцев,,,
Калашников,,,,Младенск,,Арбаж,Пушкина,,,
Калинин,,,,Истье,,Аргаяш,К.Маркса,,,
Карпов,,,,Высокиничи,,Аргун,им Матросова,,,
Капустин,,,,Восход,,Ардатов,Батаева,,,
Киселёв,,,,Корсаково,,Ардон,Красная,,,
Кириллов,,,,"Совхоз ""Победа""",,Арзамас,Лесная,,,
Князев,,,,Верховье,,Арзгир,Спортивная,,,
Ковалёв,,,,Тарутино,,Аркадак,Солнечный,,,
Козлов,,,,Тростье,,Аркуль,Толстого,,,
Колесников,,,,Троицкое,,Армавир,Обнинское,,,
Колобов,,,,Трубино,,Армизонское,Дорожный,,,
Комаров,,,,Совхоз Чаусово,,Аромашево,Советский,,,
Кондратьев,,,,Чубарово,,Арсеньев,Дунайская,,,
Коновалов,,,,Бережки,,Арсеньево,Чапаева,,,
Кононов,,,,Малая Песочня,,Арск,Центральная,,,
Королёв,,,,Большие Савки,,Артем,гк Автомобилист-153Б (Окт),,,
Константинов,,,,Верхняя Песочня,,Артемовск,Новая,,,
Корнилов,,,,Волое,,Артемовский,Лесной,,,
Котов,,,,Воскресенск,,Арти,ГСК 217,,,
Красильников,,,,Выползово,,Архангельск,Климова,,,
Крюков,,,,Гавриловка,,Архара,Пролетарская,,,
Крылов,,,,Дуброво,,Архипо-Осиповка,Тургенева,,,
Кудряшов,,,,Буда,,Архиповка,Базарная,,,
Кузьмин,,,,Тягаево,,Арья,мкр Зеркальный Норильская,,,
Кудрявцев,,,,Фоминичи,,Асбест,Песочная,,,
Кузнецов,,,,Мятлево,,Асекеево,Центральная,,,
Кулагин,,,,Хвощи,,Асино,Ленина,,,
Кулаков,,,,Алексеевка,,Аскиз,Сливовая,,,
Куликов,,,,Извольск,,Аскино,Привокзальная,,,
Лаврентьев,,,,Износки,,Астрахань,Советская,,,
Лазарев,,,,Льнозавод,,Атагай,2-я Станционная,,,
Ларионов,,,,Михали,,Атамановка,Заря,,,
Лапин,,,,Ореховня,,Атка,Пионерский,,,
Лебедев,,,,Ивановское,,Аткарск,Первомайская,,,
Лихачёв,,,,Шанский Завод,,Атласово,Новое,,,
Лобанов,,,,Бурнашево,,Атюрьево,Розы Люксембург,,,
Логинов,,,,Волконское,,Атяшево,Хвойный,,,
Лукин,,,,Дешовки,,Афипский,СНТ Василек,,,
Макаров,,,,Каменка,,Африканда,Лучевая,,,
Максимов,,,,Киреевское-Первое,,Ахтубинск,Вишневая,,,
Мамонтов,,,,Лавровск,,Ахты,Речная,,,
Марков,,,,Нижние Прыски,,Ахтырский,Центральная,,,
Мартынов,,,,Плюсково,,Ачинск,Ст.Семенов,,,
Маслов,,,,Подборки,,Ачису,Октябрьская,,,
Матвеев,,,,Покровск,,Ачит,Южная,,,
Медведев,,,,Попелево,,Ачуево,Мира,,,
Мельников,,,,Сенино-Первое,,Аша,Черепичная,,,
Миронов,,,,Чернышено,,Ашитково,Заречная,,,
Михайлов,,,,Бетлица,,Аянка,Шипуновский,,,
Михеев,,,,Бутчино,,Бабаево,Вилана,,,
Мишин,,,,Жерелево,,Бабаюрт,Осенняя,,,
Моисеев,,,,Высокое,,Бабушкин,Пролетарская,,,
Молчанов,,,,Мокрое,,Бабынино,Полевая,,,
Морозов,,,,Букань,,Бавлы,Вагонник,,,
Муравьёв,,,,Игнатовка,,Баган,Овражная,,,
Мухин,,,,Заречный,,Багдарин,Железнодорожный,,,
Назаров,,,,Манино,,Багратионовск,МПМК,,,
Наумов,,,,Заболотье,,Баево,Садовая,,,
Некрасов,,,,Воробьево,,Базарный Карабулак,Фадеева,,,
Нестеров,,,,Детчино,,Базарный Сызган,Новая,,,
Никитин,,,,Ерденево,,Бай Хаак,Советский,,,
Никифоров,,,,Захарово,,Байкалово,Коллективный сад 6,,,
Николаев,,,,Ильинское,,Байкальск,Гагарина,,,
Никонов,,,,Коллонтай,,Байкит,Озерная,,,
Новиков,,,,Кудиново,,Байконур,Титова,,,
Носков,,,,Спас-Загорье,,Баймак,Ленина,,,
Носов,,,,Маклино,,Бакал,Прогрессивная,,,
Овчинников,,,,Головтеево,,Баксан,Лихачева,,,
Одинцов,,,,Михеево,,Бакчар,Левобережная,,,
Орлов,,,,Недельное,,Бакшеево,Цветочная,,,
Орехов,,,,Прудки,,Балабаново,Кравченко,,,
Осипов,,,,Рябцево,,Балаганск,Октябрьская,,,
Савельев,,,,Юбилейный,,Балакирево,Песчаный,,,
Савин,,,,Шумятино,,Балаково,Звезда,,,
Сазонов,,,,Березовка,,Балахна,Мира,,,
Самойлов,,,,Адуево,,Балахта,Шоссейная,,,
Самсонов,,,,Глухово,,Балашиха,Веселый 4-й,,,
Сафонов,,,,Гусево,,Балашов,Аэродромная,,,
Селезнёв,,,,Михальчуково,,Балезино,Пролетарская,,,
Семёнов,,,,Кременское,,Балей,Глухова,,,
Сергеев,,,,Варваровка,,Балтай,Январская,,,
Сидоров,,,,Никитское,,Балтаси,Вербовочный,,,
Симонов,,,,Передел,,Балтийск,Победы,,,
Ситников,,,,Брюхово,,Балыгычан,Сафонова,,,
Смирнов,,,,Романово,,Балыкса,Березка,,,
Соболев,,,,Михеево,,Барабинск,Советская,,,
Соколов,,,,Гаврики,,Баргузин,Садовая,,,
Соловьёв,,,,Молодежный,,Барда,Озерная,,,
Сорокин,,,,Серпейск,,Барзас,Колхозная,,,
Стрелков,,,,Боровенск,,Барнаул,Свободная,,,
Степанов,,,,Воронино,,Барыбино,Мелиораторов,,,
Субботин,,,,Долгое,,Барыш,Молодежная,,,
Суворов,,,,Людково,,Барятино,Дамбовая,,,
Суханов,,,,Посконь,,Басьяновский,Луговская,,,
Павлов,,,,Путогино,,Батагай,Первомайская,,,
Панов,,,,Раменский,,Батайск,Заречье,,,
Панфилов,,,,Савино,,Батурино,Центральная,,,
Пахомов,,,,Гачки,,Башмаково,Садовая 3-я,,,
Пестов,,,,Дашино,,Баянгол,Заречная,,,
Петров,,,,Перемышль,,Баяндай,Верхнечасовенный,,,
Петухов,,,,Ахлебинино,,Бегичевский,Лесная,,,
Поляков,,,,Борищево,,Бежаницы,Парк Б,,,
Пономарёв,,,,Ильинское,,Бежецк,Жданова,,,
Попов,,,,Горки,,Бежта,Высокогорная,,,
Потапов,,,,Гремячево,,Безенчук,Солнечная,,,
Прохоров,,,,Большие Козлы,,Беково,Славы,,,
Рогов,,,,Погореловка,,Белая Березка,Сверкуновская,,,
Родионов,,,,Корекозево,,Белая Калитва,Проточная,,,
Рожков,,,,Макарово,,Белая Холуница,Кооперативная,,,
Романов,,,,Григоровское,,Белая,Николоворобинский Б.,,,
Русаков,,,,Песочня,,Белгород,ДНТ ДСК Московский писатель,,,
Рыбаков,,,,Покровское,,Белебей,Шоссейный,,,
Рябов,,,,Сильково,,Белев,Озерная,,,
Тарасов,,,,Хотисино,,Белинский,,,,
Терентьев,,,,Буднянский,,Белово,,,,
Тетерин,,,,Болва,,Белогорск,,,,
Тимофеев,,,,Лазинки,,Белозерск,,,,
Титов,,,,Любунь,,Белокуриха,,,,
Тихонов,,,,Нестеры,,Беломорск,,,,
Третьяков,,,,Павлиново,,Белоомут,,,,
Трофимов,,,,Теплово,,Белорецк,,,,
Туров,,,,Понизовье,,Белореченск,,,,
Уваров,,,,Снопот,,Белоусово,,,,
Устинов,,,,Стайки,,Белоярский,,,,
Фадеев,,,,Чипляево,,Белый Городок,,,,
Федосеев,,,,Середейский,,Белый Яр,,,,
Фёдоров,,,,Алнеры,,Белый,,,,
Федотов,,,,Бордуково,,Бельтырский,,,,
Филатов,,,,Стрельна,,Беляевка,,,,
Филиппов,,,,Верховая,,Бердигестях,,,,
Фокин,,,,Глазково,,Бердск,,,,
Фомин,,,,Дабужа,,Бердюжье,,,,
Фролов,,,,Ермолово,,Береговой,,,,
Харитонов,,,,Богдановы Колодези,,Березайка,,,,
Хохлов,,,,Хотень,,Березник,,,,
Цветков,,,,Брынь,,Березники,,,,
Чернов,,,,Радождево,,Березовский,,,,
Шашков,,,,Соболевка,,Березовый,,,,
Шестаков,,,,Субботники,,Берендеево,,,,
Шилов,,,,Татаринцы,,Беринговский,,,,
Ширяев,,,,Шлиппово,,Беркакит,,,,
Шубин,,,,Фролово,,Беслан,,,,
Щербаков,,,,Юрьево,,Бессоновка,,,,
Щукин,,,,Барятино,,Бетлица,,,,
Юдин,,,,Волковское,,Бея,,,,
Яковлев,,,,Похвиснево,,Биаза,,,,
Якушев,,,,Некрасово,,Бижбуляк,,,,
,,,,Кузьмищево,,Бийск,,,,
,,,,Вознесенье,,Бикин,,,,
,,,,Лопатино,,Бира,,,,
,,,,Роща,,Биракан,,,,
,,,,Петрищево,,Биробиджан,,,,
,,,,Алекино,,Бирск,,,,
,,,,Волосово-Дудино,,Бирюсинск,,,,
,,,,Дудоровский,,Бискамжа,,,,
,,,,Заречье,,Бичура,,,,
,,,,Мелихово,,Благовещенск,,,,
,,,,Поздняково,,Благодарный,,,,
,,,,Ульяново,,Бобров,,,,
,,,,Ферзиково,,Богатое,,,,
,,,,Дугна,,Богатырь,,,,
,,,,Авчурино,,Богданович,,,,
,,,,Аристово,,Боговарово,,,,
,,,,Грабцево,,Боголюбово,,,,
,,,,Красный Городок,,Богородицк,,,,
,,,,Зудна,,Богородск,,,,
,,,,Ястребовка,,Боготол,,,,
,,,,Кольцово,,Боград,,,,
,,,,Бронцы,,Богучаны,,,,
,,,,Сашкино,,Богучар,,,,
,,,,Сугоново,,Бодайбо,,,,
,,,,Ферзиково,,Боковская,,,,
,,,,Авдеевка,,Бокситогорск,,,,
,,,,Колодяссы,,Бологое,,,,
,,,,Бояновичи,,Болонь,,,,
,,,,Воткино,,Болотное,,,,
,,,,Еленский,,Болохово,,,,
,,,,Красное,,Болхов,,,,
,,,,Кудрявец,,Большая Вишера,,,,
,,,,Ловать,,Большая Глущица,,,,
,,,,Милеево,,Большая Ижора,,,,
,,,,Нехочи,,Большая Мартыновка,,,,
,,,,Пеневичи,,Большая Мурта,,,,
,,,,Подбужье,,Большая Речка,,,,
,,,,Слобода,,Большая Соснова,,,,
,,,,,,Большая Черниговка,,,,
,,,,,,Большевик,,,,
,,,,,,Большерецк,,,,
,,,,,,Большереченск,,,,
,,,,,,Большеречье,,,,
,,,,,,Большеустьикинское,,,,
,,,,,,Большое Болдино,,,,
,,,,,,Большое Игнатово,,,,
,,,,,,Большое Козино,,,,
,,,,,,Большое Мурашкино,,,,
,,,,,,Большое Нагаткино,,,,
,,,,,,Большое Село,,,,
,,,,,,Большое Солдатское,,,,
,,,,,,Большое Сорокино,,,,
,,,,,,Большой Камень,,,,
,,,,,,Большой Луг,,,,
,,,,,,Большой Улуй,,,,
,,,,,,Бор,,,,
,,,,,,Борзя,,,,
,,,,,,Борисовка,,,,
,,,,,,Борисоглебск,,,,
,,,,,,Боровичи,,,,
,,,,,,Боровлянка,,,,
,,,,,,Боровой,,,,
,,,,,,Боровск,,,,
,,,,,,Борогонцы,,,,
,,,,,,Бородино,,,,
,,,,,,Борское,,,,
,,,,,,Ботлих,,,,
,,,,,,Бохан,,,,
,,,,,,Бошняково,,,,
,,,,,,Братск,,,,
,,,,,,Бреды,,,,
,,,,,,Брейтово,,,,
,,,,,,Бронницы,,,,
,,,,,,Брянск,,,,
,,,,,,Бугульма,,,,
,,,,,,Бугуруслан,,,,
,,,,,,Буденновск,,,,
,,,,,,Будогощь,,,,
,,,,,,Бузулук,,,,
,,,,,,Буинск,,,,
,,,,,,Буй,,,,
,,,,,,Буйнакск,,,,
,,,,,,Букачача,,,,
,,,,,,Буланаш,,,,
,,,,,,Бураево,,,,
,,,,,,Бурея,,,,
,,,,,,Бурла,,,,
,,,,,,Бурмакино,,,,
,,,,,,Бурон,,,,
,,,,,,Бурсоль,,,,
,,,,,,Бутурлино,,,,
,,,,,,Бутурлиновка,,,,
,,,,,,Быков,,,,
,,,,,,Быково,,,,
,,,,,,Бытошь,,,,
,,,,,,Вавож,,,,
,,,,,,Вагай,,,,
,,,,,,Вадинск,,,,
,,,,,,Валаам,,,,
,,,,,,Валдай,,,,
,,,,,,Валентин,,,,
,,,,,,Валуево,,,,
,,,,,,Валуйки,,,,
,,,,,,Ванавара,,,,
,,,,,,Ванино,,,,
,,,,,,Ванкарем,,,,
,,,,,,Варгаши,,,,
,,,,,,Варегово,,,,
,,,,,,Варна,,,,
,,,,,,Варнавино,,,,
,,,,,,Васильево,,,,
,,,,,,Васильевский Мох,,,,
,,,,,,Васильсурск,,,,
,,,,,,Вахрушев,,,,
,,,,,,Вахтан,,,,
,,,,,,Вача,,,,
,,,,,,Вачи,,,,
,,,,,,Вейделевка,,,,
,,,,,,Велегож,,,,
,,,,,,Велетьма,,,,
,,,,,,Велиж,,,,
,,,,,,Великий Устюг,,,,
,,,,,,Великодворский,,,,
,,,,,,Вельск,,,,
,,,,,,Венгерово,,,,
,,,,,,Венев,,,,
,,,,,,Вербилки,,,,
,,,,,,Вербовский,,,,
,,,,,,Верещагино,,,,
,,,,,,Верея,,,,
,,,,,,Верхнебаканский,,,,
,,,,,,Верхневилюйск,,,,
,,,,,,Верхнеимбатск,,,,
,,,,,,Верхнеколымск,,,,
,,,,,,Верхнетуломский,,,,
,,,,,,Верхнеуральск,,,,
,,,,,,Верхнеяркеево,,,,
,,,,,,Верхний Авзян,,,,
,,,,,,Верхний Баскунчак,,,,
,,,,,,Верхний Ландех,,,,
,,,,,,Верхний Мамон,,,,
,,,,,,Верхний Тагил,,,,
,,,,,,Верхний Услон,,,,
,,,,,,Верхний Уфалей,,,,
,,,,,,Верхняя Инта,,,,
,,,,,,Верхняя Пышма,,,,
,,,,,,Верхняя Салда,,,,
,,,,,,Верхняя Синячиха,,,,
,,,,,,Верхняя Сысерть,,,,
,,,,,,Верхняя Тойма,,,,
,,,,,,Верхняя Тура,,,,
,,,,,,Верхняя Хава,,,,
,,,,,,Верховажье,,,,
,,,,,,Верховье,,,,
,,,,,,Верхозим,,,,
,,,,,,Верхотурье,,,,
,,,,,,Верхошижемье,,,,
,,,,,,Верхоянск,,,,
,,,,,,Ветлуга,,,,
,,,,,,Вешенская,,,,
,,,,,,Вешкайма,,,,
,,,,,,Взморье,,,,
,,,,,,Видим,,,,
,,,,,,Видное,,,,
,,,,,,Визинга,,,,
,,,,,,Викулово,,,,
,,,,,,Вилюйск,,,,
,,,,,,Вилючинск,,,,
,,,,,,Виля,,,,
,,,,,,Винзили,,,,
,,,,,,Вирандозеро,,,,
,,,,,,Висим,,,,
,,,,,,Витим,,,,
,,,,,,Вихоревка,,,,
,,,,,,Вичуга,,,,
,,,,,,Владивосток,,,,
,,,,,,Владикавказ,,,,
,,,,,,Владимир,,,,
,,,,,,Власово,,,,
,,,,,,Внуково,,,,
,,,,,,Водный,,,,
,,,,,,Вожаель,,,,
,,,,,,Вожега,,,,
,,,,,,Возжаевка,,,,
,,,,,,Вознесенское,,,,
,,,,,,Вознесенье,,,,
,,,,,,Возрождение,,,,
,,,,,,Волгоград,,,,
,,,,,,Волгодонск,,,,
,,,,,,Волгореченск,,,,
,,,,,,Волжск,,,,
,,,,,,Волжский,,,,
,,,,,,Волово,,,,
,,,,,,Вологда,,,,
,,,,,,Володарск,,,,
,,,,,,Волоколамск,,,,
,,,,,,Волоконовка,,,,
,,,,,,Волосово,,,,
,,,,,,Волот,,,,
,,,,,,Волочаевка Вторая,,,,
,,,,,,Волошка,,,,
,,,,,,Волхов,,,,
,,,,,,Волчанск,,,,
,,,,,,Волчиха,,,,
,,,,,,Вольск,,,,
,,,,,,Ворга,,,,
,,,,,,Воркута,,,,
,,,,,,Воробьевка,,,,
,,,,,,Воронеж,,,,
,,,,,,Вороново,,,,
,,,,,,Воронцовка,,,,
,,,,,,Воротынец,,,,
,,,,,,Ворсма,,,,
,,,,,,Воскресенск,,,,
,,,,,,Воскресенское,,,,
,,,,,,Воткинск,,,,
,,,,,,Вохтога,,,,
,,,,,,Всеволожск,,,,
,,,,,,Вуктыл,,,,
,,,,,,Вурнары,,,,
,,,,,,Выборг,,,,
,,,,,,Выгоничи,,,,
,,,,,,Выдрино,,,,
,,,,,,Выездное,,,,
,,,,,,Выкса,,,,
,,,,,,Выползово,,,,
,,,,,,Вырица,,,,
,,,,,,Выселки,,,,
,,,,,,Высокая Гора,,,,
,,,,,,Высоковск,,,,
,,,,,,Высокогорный,,,,
,,,,,,Высокогорск,,,,
,,,,,,Высоцк,,,,
,,,,,,Вытегра,,,,
,,,,,,Вычегодский,,,,
,,,,,,Вышков,,,,
,,,,,,Вышний Волочек,,,,
,,,,,,Вяземский,,,,
,,,,,,Вязники,,,,
,,,,,,Вязьма,,,,
,,,,,,Гаврилов Посад,,,,
,,,,,,Гаврилов Ям,,,,
,,,,,,Гавриловка,,,,
,,,,,,Гагарин,,,,
,,,,,,Гагино,,,,
,,,,,,Газимурский Завод,,,,
,,,,,,Гай,,,,
,,,,,,Гайны,,,,
,,,,,,Галич,,,,
,,,,,,Гастелло,,,,
,,,,,,Гатчина,,,,
,,,,,,Гвардейск,,,,
,,,,,,Гдов,,,,
,,,,,,Геленджик,,,,
,,,,,,Георгиевск,,,,
,,,,,,Гергебиль,,,,
,,,,,,Гешарт,,,,
,,,,,,Гиагинская,,,,
,,,,,,Гигант,,,,
,,,,,,Гидроторф,,,,
,,,,,,Гирвас,,,,
,,,,,,Глазов,,,,
,,,,,,Глазуновка,,,,
,,,,,,Глинка,,,,
,,,,,,Глотовка,,,,
,,,,,,Глушково,,,,
,,,,,,Глядянское,,,,
,,,,,,Голицыно,,,,
,,,,,,Голынки,,,,
,,,,,,Голышманово,,,,
,,,,,,Горбатов,,,,
,,,,,,Горбатовка,,,,
,,,,,,Гордеевка,,,,
,,,,,,Горно-Алтайск,,,,
,,,,,,Горнозаводск,,,,
,,,,,,Горняк,,,,
,,,,,,Городец,,,,
,,,,,,Городище,,,,
,,,,,,Гороховец,,,,
,,,,,,Горчуха,,,,
,,,,,,Горшечное,,,,
,,,,,,Горячегорск,,,,
,,,,,,Горячий Ключ,,,,
,,,,,,Грайворон,,,,
,,,,,,Грамотеино,,,,
,,,,,,Грахово,,,,
,,,,,,Грачевка,,,,
,,,,,,Гремячинск,,,,
,,,,,,Грозный,,,,
,,,,,,Грязи,,,,
,,,,,,Грязовец,,,,
,,,,,,Губаха,,,,
,,,,,,Губкин,,,,
,,,,,,Губкинский,,,,
,,,,,,Гудермез,,,,
,,,,,,Гуково,,,,
,,,,,,Гуниб,,,,
,,,,,,Гурское,,,,
,,,,,,Гурьевск,,,,
,,,,,,Гусев,,,,
,,,,,,Гусиное Озеро,,,,
,,,,,,Гусиноозерск,,,,
,,,,,,Гусь-Железный,,,,
,,,,,,Гусь-Хрустальный,,,,
,,,,,,Давенда,,,,
,,,,,,Давлеканово,,,,
,,,,,,Давыдовка,,,,
,,,,,,Далматово,,,,
,,,,,,Дальнегорск,,,,
,,,,,,Дальнее Константиново,,,,
,,,,,,Дальнереченск,,,,
,,,,,,Данилов,,,,
,,,,,,Данхов,,,,
,,,,,,Дарасун,,,,
,,,,,,Дарьинское,,,,
,,,,,,Дебесы,,,,
,,,,,,Дегтярск,,,,
,,,,,,Деденево,,,,
,,,,,,Дедовичи,,,,
,,,,,,Дедовск,,,,
,,,,,,Деманск,,,,
,,,,,,Демидов,,,,
,,,,,,Дербент,,,,
,,,,,,Дербешкинский,,,,
,,,,,,Деревянка,,,,
,,,,,,Деркул,,,,
,,,,,,Десногорск,,,,
,,,,,,Джаныбек,,,,
,,,,,,Джубга,,,,
,,,,,,Дзержинск,,,,
,,,,,,Дзержинский,,,,
,,,,,,Дивеево,,,,
,,,,,,Дивногорск,,,,
,,,,,,Дивное,,,,
,,,,,,Дигора,,,,
,,,,,,Диксон,,,,
,,,,,,Димитровград,,,,
,,,,,,Динская,,,,
,,,,,,Дмитриев-Льговский,,,,
,,,,,,Дмитров,,,,
,,,,,,Дмитровск-Орловский,,,,
,,,,,,Дно,,,,
,,,,,,Доброе,,,,
,,,,,,Добрянка,,,,
,,,,,,Довольное,,,,
,,,,,,Долгое,,,,
,,,,,,Долгопрудный,,,,
,,,,,,Долгоруково,,,,
,,,,,,Долинск,,,,
,,,,,,Долматовский,,,,
,,,,,,Домбай,,,,
,,,,,,Домодедово,,,,
,,,,,,Донецк,,,,
,,,,,,Донской,,,,
,,,,,,Дормидонтовка,,,,
,,,,,,Дорогобуж,,,,
,,,,,,Дорохово,,,,
,,,,,,Досчатое,,,,
,,,,,,Дрезна,,,,
,,,,,,Дровяная,,,,
,,,,,,Дружная Горка,,,,
,,,,,,Дубна,,,,
,,,,,,Дубовка,,,,
,,,,,,Дубовское,,,,
,,,,,,Дубровка,,,,
,,,,,,Дуван,,,,
,,,,,,Дугна,,,,
,,,,,,Дудинка,,,,
,,,,,,Дудоровский,,,,
,,,,,,Дульдурга,,,,
,,,,,,Дуляпино,,,,
,,,,,,Думиничи,,,,
,,,,,,Духовницкое,,,,
,,,,,,Духовщина,,,,
,,,,,,Дылым,,,,
,,,,,,Дюртюли,,,,
,,,,,,Дятьково,,,,
,,,,,,Евлашево,,,,
,,,,,,Егорлыкская,,,,
,,,,,,Егорьевск,,,,
,,,,,,Ейск,,,,
,,,,,,Екатеринбург,,,,
,,,,,,Екатериновка,,,,
,,,,,,Екатеринославка,,,,
,,,,,,Екимовичи,,,,
,,,,,,Елабуга,,,,
,,,,,,Еланцы,,,,
,,,,,,Елань-Коленовский,,,,
,,,,,,Елатьма,,,,
,,,,,,Еленский,,,,
,,,,,,Елец,,,,
,,,,,,Елизово,,,,
,,,,,,Елово,,,,
,,,,,,Ельня,,,,
,,,,,,Ельцовка,,,,
,,,,,,Еманжелинск,,,,
,,,,,,Емва,,,,
,,,,,,Емельяново,,,,
,,,,,,Емца,,,,
,,,,,,Енисейск,,,,
,,,,,,Енотаевка,,,,
,,,,,,Епифань,,,,
,,,,,,Ербогачен,,,,
,,,,,,Ермаковское,,,,
,,,,,,Ермекеево,,,,
,,,,,,Ермолаево,,,,
,,,,,,Ерофей Павлович,,,,
,,,,,,Ертарский,,,,
,,,,,,Ершичи,,,,
,,,,,,Ершов,,,,
,,,,,,Ессентуки,,,,
,,,,,,Ефимовский,,,,
,,,,,,Ефремов,,,,
,,,,,,Железноводск,,,,
,,,,,,Железногорск,,,,
,,,,,,Железногорск-Илимский,,,,
,,,,,,Жердевка,,,,
,,,,,,Жигалово,,,,
,,,,,,Жиганск,,,,
,,,,,,Жигулевск,,,,
,,,,,,Жиздра,,,,
,,,,,,Жилево,,,,
,,,,,,Жиндо,,,,
,,,,,,Жирнов,,,,
,,,,,,Жирновск,,,,
,,,,,,Жирятино,,,,
,,,,,,Жуковка,,,,
,,,,,,Жуковский,,,,
,,,,,,Забайкальск,,,,
,,,,,,Забитуй,,,,
,,,,,,Заветное,,,,
,,,,,,Завитинск,,,,
,,,,,,Заводопетровский,,,,
,,,,,,Заводоуковск,,,,
,,,,,,Заводоуспенское,,,,
,,,,,,Заводской,,,,
,,,,,,Заволжск,,,,
,,,,,,Заволжье,,,,
,,,,,,Завьялово,,,,
,,,,,,Загорск,,,,
,,,,,,Загорянский,,,,
,,,,,,Задонск,,,,
,,,,,,Заиграево,,,,
,,,,,,Заинск,,,,
,,,,,,Закаменск,,,,
,,,,,,Залари,,,,
,,,,,,Залегощь,,,,
,,,,,,Залесово,,,,
,,,,,,Заозерный,,,,
,,,,,,Заозерск,,,,
,,,,,,Западная Двина,,,,
,,,,,,Заплюсье,,,,
,,,,,,Заполярный,,,,
,,,,,,Зарайск,,,,
,,,,,,Зареченск,,,,
,,,,,,Заречный,,,,
,,,,,,Заречье,,,,
,,,,,,Заринск,,,,
,,,,,,Зарубино,,,,
,,,,,,Захарово,,,,
,,,,,,Зашеек,,,,
,,,,,,Звездный,,,,
,,,,,,Звенигово,,,,
,,,,,,Звенигород,,,,
,,,,,,Зверево,,,,
,,,,,,Зебляки,,,,
,,,,,,Зеленоборский,,,,
,,,,,,Зеленогорск,,,,
,,,,,,Зеленоград,,,,
,,,,,,Зеленоградск,,,,
,,,,,,Зеленодольск,,,,
,,,,,,Зеленокумск,,,,
,,,,,,Земетчино,,,,
,,,,,,Зерноград,,,,
,,,,,,Зея,,,,
,,,,,,Зилаир,,,,
,,,,,,Зима,,,,
,,,,,,Зирган,,,,
,,,,,,Златоуст,,,,
,,,,,,Златоустовск,,,,
,,,,,,Злынка,,,,
,,,,,,Змеиногорск,,,,
,,,,,,Змиевка,,,,
,,,,,,Знаменка,,,,
,,,,,,Знаменск,,,,
,,,,,,Знаменское,,,,
,,,,,,Золотаревка,,,,
,,,,,,Золотково,,,,
,,,,,,Золотухино,,,,
,,,,,,Зольное,,,,
,,,,,,Зубова Поляна,,,,
,,,,,,Зубцов,,,,
,,,,,,Зуевка,,,,
,,,,,,Зырянка,,,,
,,,,,,Зырянское,,,,
,,,,,,Зюзельский,,,,
,,,,,,Зюкайка,,,,
,,,,,,Ибреси,,,,
,,,,,,Ивангород,,,,
,,,,,,Иванищи,,,,
,,,,,,Ивановка,,,,
,,,,,,Иваново,,,,
,,,,,,Ивантеевка,,,,
,,,,,,Иваньковский,,,,
,,,,,,Ивдель,,,,
,,,,,,Ивня,,,,
,,,,,,Иволгинск,,,,
,,,,,,Ивот,,,,
,,,,,,Игарка,,,,
,,,,,,Иглино,,,,
,,,,,,Игнатовка,,,,
,,,,,,Игра,,,,
,,,,,,Игрим,,,,
,,,,,,Идель,,,,
,,,,,,Идринское,,,,
,,,,,,Идрица,,,,
,,,,,,Ижевск,,,,
,,,,,,Ижма,,,,
,,,,,,Избербаш,,,,
,,,,,,Известковый,,,,
,,,,,,Издешково,,,,
,,,,,,Излучинск,,,,
,,,,,,Измайлово,,,,
,,,,,,Измалково,,,,
,,,,,,Износки,,,,
,,,,,,Изобильный,,,,
,,,,,,Изоплит,,,,
,,,,,,Изумруд,,,,
,,,,,,Икряное,,,,
,,,,,,Икша,,,,
,,,,,,Иланский,,,,
,,,,,,Илеза,,,,
,,,,,,Ильинско-Подомское,,,,
,,,,,,Ильинское-Хованское,,,,
,,,,,,Илька,,,,
,,,,,,Ильпырский,,,,
,,,,,,Ильский,,,,
,,,,,,Импилахти,,,,
,,,,,,Инжавино,,,,
,,,,,,Инза,,,,
,,,,,,Инзер,,,,
,,,,,,Иннокентьевка,,,,
,,,,,,Иноземцево,,,,
,,,,,,Инсар,,,,
,,,,,,Инта,,,,
,,,,,,Ипатово,,,,
,,,,,,Ираель,,,,
,,,,,,Ирбейское,,,,
,,,,,,Ирбит,,,,
,,,,,,Ириклинский,,,,
,,,,,,Иркутск,,,,
,,,,,,Исетское,,,,
,,,,,,Исилькуль,,,,
,,,,,,Искитим,,,,
,,,,,,Истра,,,,
,,,,,,Исянгулово,,,,
,,,,,,Итака,,,,
,,,,,,Итатка,,,,
,,,,,,Итатский,,,,
,,,,,,Иульитин,,,,
,,,,,,Ишеевка,,,,
,,,,,,Ишим,,,,
,,,,,,Ишимбай,,,,
,,,,,,Йошкар-Ола,,,,
,,,,,,Кабанск,,,,
,,,,,,Кабардинка,,,,
,,,,,,Кавалерово,,,,
,,,,,,Кагальницкая,,,,
,,,,,,Каджером,,,,
,,,,,,Кадников,,,,
,,,,,,Кадом,,,,
,,,,,,Кадошкино,,,,
,,,,,,Кадуй,,,,
,,,,,,Кадый,,,,
,,,,,,Кадыкчан,,,,
,,,,,,Кажым,,,,
,,,,,,Казановка,,,,
,,,,,,Казань,,,,
,,,,,,Казинка,,,,
,,,,,,Казталовка,,,,
,,,,,,Казым-Мыс,,,,
,,,,,,Калач,,,,
,,,,,,Калач-на-Дону,,,,
,,,,,,Калачинск,,,,
,,,,,,Калашниково,,,,
,,,,,,Калга,,,,
,,,,,,Калевала,,,,
,,,,,,Калинин,,,,
,,,,,,Калининград,,,,
,,,,,,Калинино,,,,
,,,,,,Калининск,,,,
,,,,,,Калмыково,,,,
,,,,,,Калтан,,,,
,,,,,,Калуга,,,,
,,,,,,Калязин,,,,
,,,,,,Кама,,,,
,,,,,,Камбарка,,,,
,,,,,,Каменка,,,,
,,,,,,Каменногорск,,,,
,,,,,,Каменномостский,,,,
,,,,,,Каменск,,,,
,,,,,,Каменск-Уральский,,,,
,,,,,,Каменск-Шахтинский,,,,
,,,,,,Каменское,,,,
,,,,,,Камень-на-Оби,,,,
,,,,,,Камень-Рыболов,,,,
,,,,,,Камешково,,,,
,,,,,,Каминский,,,,
,,,,,,Камское Устье,,,,
,,,,,,Камызяк,,,,
,,,,,,Камышин,,,,
,,,,,,Камышла,,,,
,,,,,,Камышлов,,,,
,,,,,,Канадей,,,,
,,,,,,Кананикольское,,,,
,,,,,,Канаш,,,,
,,,,,,Кандалакша,,,,
,,,,,,Каневская,,,,
,,,,,,Канкунский,,,,
,,,,,,Канск,,,,
,,,,,,Кантемировка,,,,
,,,,,,Капустин Яр,,,,
,,,,,,Карабаново,,,,
,,,,,,Карабаш,,,,
,,,,,,Карабудахкент,,,,
,,,,,,Карагай,,,,
,,,,,,Караидель,,,,
,,,,,,Каракулино,,,,
,,,,,,Карасук,,,,
,,,,,,Карата,,,,
,,,,,,Каратобе,,,,
,,,,,,Каратузское,,,,
,,,,,,Караул,,,,
,,,,,,Карачаевск,,,,
,,,,,,Карачев,,,,
,,,,,,Каргаполье,,,,
,,,,,,Каргасок,,,,
,,,,,,Каргат,,,,
,,,,,,Каргополь,,,,
,,,,,,Кардымово,,,,
,,,,,,Карпинск,,,,
,,,,,,Карпогоры,,,,
,,,,,,Карпунинский,,,,
,,,,,,Карсун,,,,
,,,,,,Карымское,,,,
,,,,,,Касимов,,,,
,,,,,,Касли,,,,
,,,,,,Каспийск,,,,
,,,,,,Касторное,,,,
,,,,,,Касумкент,,,,
,,,,,,Катав-Ивановск,,,,
,,,,,,Катайга,,,,
,,,,,,Катайск,,,,
,,,,,,Катангли,,,,
,,,,,,Катунки,,,,
,,,,,,Качканар,,,,
,,,,,,Качуг,,,,
,,,,,,Кашары,,,,
,,,,,,Кашин,,,,
,,,,,,Кашира,,,,
,,,,,,Квиток,,,,
,,,,,,Кедровка,,,,
,,,,,,Кез,,,,
,,,,,,Кемерово,,,,
,,,,,,Кемля,,,,
,,,,,,Кемь,,,,
,,,,,,Кенисберг,,,,
,,,,,,Керженец,,,,
,,,,,,Керчевский,,,,
,,,,,,Кесова Гора,,,,
,,,,,,Кестеньга,,,,
,,,,,,Кетово,,,,
,,,,,,Кижинга,,,,
,,,,,,Кизел,,,,
,,,,,,Кизилюрт,,,,
,,,,,,Кизляр,,,,
,,,,,,Кизнер,,,,
,,,,,,Кикерино,,,,
,,,,,,Кикнур,,,,
,,,,,,Килемары,,,,
,,,,,,Кильдинстрой,,,,
,,,,,,Кильмезь,,,,
,,,,,,Кимовск,,,,
,,,,,,Кимры,,,,
,,,,,,Кингисепп,,,,
,,,,,,Кинель,,,,
,,,,,,Кинель-Черкасы,,,,
,,,,,,Кинешма,,,,
,,,,,,Киргиз-Мияки,,,,
,,,,,,Киреевск,,,,
,,,,,,Киренск,,,,
,,,,,,Киржач,,,,
,,,,,,Кириллов,,,,
,,,,,,Кириши,,,,
,,,,,,Киров,,,,
,,,,,,Кировград,,,,
,,,,,,Кирово-Чепецк,,,,
,,,,,,Кировск,,,,
,,,,,,Кирс,,,,
,,,,,,Кирсанов,,,,
,,,,,,Киря,,,,
,,,,,,Киселевск,,,,
,,,,,,Кисловодск,,,,
,,,,,,Кичменгский Городок,,,,
,,,,,,Киясово,,,,
,,,,,,Клетня,,,,
,,,,,,Климово,,,,
,,,,,,Клин,,,,
,,,,,,Клинцы,,,,
,,,,,,Кличка,,,,
,,,,,,Клявлино,,,,
,,,,,,Княгинино,,,,
,,,,,,Коболдо,,,,
,,,,,,Кобринское,,,,
,,,,,,Ковдор,,,,
,,,,,,Ковернино,,,,
,,,,,,Ковров,,,,
,,,,,,Ковылкино,,,,
,,,,,,Когалым,,,,
,,,,,,Кодино,,,,
,,,,,,Кодинск,,,,
,,,,,,Кожевниково,,,,
,,,,,,Кожино,,,,
,,,,,,Кожым,,,,
,,,,,,Козельск,,,,
,,,,,,Козулька,,,,
,,,,,,Козьмодемьянск,,,,
,,,,,,Койгородок,,,,
,,,,,,Кокаревка,,,,
,,,,,,Кокошкино,,,,
,,,,,,Коксовый,,,,
,,,,,,Кокуй,,,,
,,,,,,Кола,,,,
,,,,,,Кологрив,,,,
,,,,,,Коломна,,,,
,,,,,,Колосовка,,,,
,,,,,,Колпашево,,,,
,,,,,,Колпино,,,,
,,,,,,Колпны,,,,
,,,,,,Колывань,,,,
,,,,,,Колышлей,,,,
,,,,,,Кольчугино,,,,
,,,,,,Колюбакино,,,,
,,,,,,Комаричи,,,,
,,,,,,Коммунар,,,,
,,,,,,Комсомольск,,,,
,,,,,,Комсомольск-на-Амуре,,,,
,,,,,,Комсомольское,,,,
,,,,,,Конаково,,,,
,,,,,,Конда,,,,
,,,,,,Кондинское,,,,
,,,,,,Кондоль,,,,
,,,,,,Кондопога,,,,
,,,,,,Кондрово,,,,
,,,,,,Коноша,,,,
,,,,,,Константиновск,,,,
,,,,,,Конышевка,,,,
,,,,,,Копейск,,,,
,,,,,,Копьево,,,,
,,,,,,Кораблино,,,,
,,,,,,Коренево,,,,
,,,,,,Кореновск,,,,
,,,,,,Коркино,,,,
,,,,,,Кормиловка,,,,
,,,,,,Королев,,,,
,,,,,,Короча,,,,
,,,,,,Корсаков,,,,
,,,,,,Корткерос,,,,
,,,,,,Коряжма,,,,
,,,,,,Коса,,,,
,,,,,,Косино,,,,
,,,,,,Кослан,,,,
,,,,,,Костомукша,,,,
,,,,,,Кострома,,,,
,,,,,,Котельниково,,,,
,,,,,,Котельнич,,,,
,,,,,,Котлас,,,,
,,,,,,Котово,,,,
,,,,,,Котовск,,,,
,,,,,,Кохма,,,,
,,,,,,Кочево,,,,
,,,,,,Кочкурово,,,,
,,,,,,Кочубеевское,,,,
,,,,,,Кочубей,,,,
,,,,,,Кош-Агач,,,,
,,,,,,Красково,,,,
,,,,,,Красная Гора,,,,
,,,,,,Красная Горбатка,,,,
,,,,,,Красная Заря,,,,
,,,,,,Красноармейск,,,,
,,,,,,Красноармейская,,,,
,,,,,,Красноармейское,,,,
,,,,,,Красноборск,,,,
,,,,,,Красновишерск,,,,
,,,,,,Красногвардейское,,,,
,,,,,,Красногорск,,,,
,,,,,,Красногорское,,,,
,,,,,,Краснодар,,,,
,,,,,,Краснозаводск,,,,
,,,,,,Краснозерское,,,,
,,,,,,Краснознаменск,,,,
,,,,,,Краснокаменск,,,,
,,,,,,Краснокамск,,,,
,,,,,,Красноселькуп,,,,
,,,,,,Краснослободск,,,,
,,,,,,Краснотуранск,,,,
,,,,,,Краснотурьинск,,,,
,,,,,,Красноуральск,,,,
,,,,,,Красноусольский,,,,
,,,,,,Красноуфимск,,,,
,,,,,,Краснощеково,,,,
,,,,,,Красноярск,,,,
,,,,,,Красный Кут,,,,
,,,,,,Красный Сулин,,,,
,,,,,,Красный Холм,,,,
,,,,,,Красный Чикой,,,,
,,,,,,Красный Яр,,,,
,,,,,,Кресцы,,,,
,,,,,,Кривошеино,,,,
,,,,,,Кромы,,,,
,,,,,,Кронштадт,,,,
,,,,,,Кропоткин,,,,
,,,,,,Крутинка,,,,
,,,,,,Крыловская,,,,
,,,,,,Крымск,,,,
,,,,,,Крюково,,,,
,,,,,,Кстово,,,,
,,,,,,Кубинка,,,,
,,,,,,Кувандык,,,,
,,,,,,Кувшиново,,,,
,,,,,,Кугеси,,,,
,,,,,,Кудымкар,,,,
,,,,,,Куеда,,,,
,,,,,,Куженер,,,,
,,,,,,Кузнецк,,,,
,,,,,,Кузоватово,,,,
,,,,,,Куйбышев,,,,
,,,,,,Куйбышево,,,,
,,,,,,Куйтун,,,,
,,,,,,Кукмод,,,,
,,,,,,Кукмор,,,,
,,,,,,Кулебаки,,,,
,,,,,,Култук,,,,
,,,,,,Кулунда,,,,
,,,,,,Кумены,,,,
,,,,,,Кумертау,,,,
,,,,,,Кумух,,,,
,,,,,,Кумылженская,,,,
,,,,,,Кунашак,,,,
,,,,,,Кунгур,,,,
,,,,,,Купавна,,,,
,,,,,,Купино,,,,
,,,,,,Курагино,,,,
,,,,,,Курах,,,,
,,,,,,Курган,,,,
,,,,,,Курганинск,,,,
,,,,,,Курильск,,,,
,,,,,,Куркино,,,,
,,,,,,Курманаевка,,,,
,,,,,,Куровское,,,,
,,,,,,Курсавка,,,,
,,,,,,Курск,,,,
,,,,,,Куртамыш,,,,
,,,,,,Курумкан,,,,
,,,,,,Курчатов,,,,
,,,,,,Куса,,,,
,,,,,,Кутулик,,,,
,,,,,,Кушва,,,,
,,,,,,Кушнаренково,,,,
,,,,,,Кущевская,,,,
,,,,,,Кшенский,,,,
,,,,,,Кызыл,,,,
,,,,,,Кыра,,,,
,,,,,,Кырен,,,,
,,,,,,Кытманово,,,,
,,,,,,Кыштовка,,,,
,,,,,,Кыштым,,,,
,,,,,,Кяхта,,,,
,,,,,,Лабинск,,,,
,,,,,,Лабытнанги,,,,
,,,,,,Лаврентия,,,,
,,,,,,Лаишево,,,,
,,,,,,Лангепас,,,,
,,,,,,Ларьяк,,,,
,,,,,,Лахденпохья,,,,
,,,,,,Лебедянь,,,,
,,,,,,Лебяжье,,,,
,,,,,,Лев Толстой,,,,
,,,,,,Левокумское,,,,
,,,,,,Лениногорск,,,,
,,,,,,Ленинск,,,,
,,,,,,Ленинск-Кузнецкий,,,,
,,,,,,Ленинское,,,,
,,,,,,Ленск,,,,
,,,,,,Лесное,,,,
,,,,,,Лесной Городок,,,,
,,,,,,Лесной,,,,
,,,,,,Лесозаводск,,,,
,,,,,,Лесосибирск,,,,
,,,,,,Лешуконское,,,,
,,,,,,Ливны,,,,
,,,,,,Ликино-Дулево,,,,
,,,,,,Лиман,,,,
,,,,,,Липецк,,,,
,,,,,,Липин Бор,,,,
,,,,,,Лисий Нос,,,,
,,,,,,Лиски,,,,
,,,,,,Лихославль,,,,
,,,,,,Лобня,,,,
,,,,,,Лодейное Поле,,,,
,,,,,,Локня,,,,
,,,,,,Локоть,,,,
,,,,,,Ломоносов,,,,
,,,,,,Лопатино,,,,
,,,,,,Лосино-Петровский,,,,
,,,,,,Лотошино,,,,
,,,,,,Лоухи,,,,
,,,,,,Луга,,,,
,,,,,,Луза,,,,
,,,,,,Лукино,,,,
,,,,,,Лукоянов,,,,
,,,,,,Луховицы,,,,
,,,,,,Лучегорск,,,,
,,,,,,Лысково,,,,
,,,,,,Лысьва,,,,
,,,,,,Лыткарино,,,,
,,,,,,Львовский,,,,
,,,,,,Льгов,,,,
,,,,,,Люберцы,,,,
,,,,,,Любим,,,,
,,,,,,Любытино,,,,
,,,,,,Людиново,,,,
,,,,,,Лямбирь,,,,
,,,,,,Лянтор,,,,
,,,,,,Магадан,,,,
,,,,,,Магарамкент,,,,
,,,,,,Магдагачи,,,,
,,,,,,Магнитогорск,,,,
,,,,,,Маджалис,,,,
,,,,,,Майкоп,,,,
,,,,,,Майна,,,,
,,,,,,Майский,,,,
,,,,,,Майя,,,,
,,,,,,Макаров,,,,
,,,,,,Макарьев,,,,
,,,,,,Максатиха,,,,
,,,,,,Макушино,,,,
,,,,,,Малаховка,,,,
,,,,,,Малая Вишера,,,,
,,,,,,Малая Сердоба,,,,
,,,,,,Малгобек,,,,
,,,,,,Малмыж,,,,
,,,,,,Малоархангельск,,,,
,,,,,,Малоярославец,,,,
,,,,,,Мама,,,,
,,,,,,Мамадыш,,,,
,,,,,,Мамоново,,,,
,,,,,,Мамонтово,,,,
,,,,,,Мантурово,,,,
,,,,,,Марево,,,,
,,,,,,Мари-Турек,,,,
,,,,,,Мариинск,,,,
,,,,,,Мариинский Посад,,,,
,,,,,,Маркс,,,,
,,,,,,Марьяновка,,,,
,,,,,,Маслянино,,,,
,,,,,,Матвеев Курган,,,,
,,,,,,Матвеевка,,,,
,,,,,,Махачкала,,,,
,,,,,,Мглин,,,,
,,,,,,Мегион,,,,
,,,,,,Медведево,,,,
,,,,,,Медвежьегорск,,,,
,,,,,,Медвенка,,,,
,,,,,,Медногорск,,,,
,,,,,,Медынь,,,,
,,,,,,Междуреченск,,,,
,,,,,,Мезень,,,,
,,,,,,Меленки,,,,
,,,,,,Мелеуз,,,,
,,,,,,Мельниково,,,,
,,,,,,Менделеевск,,,,
,,,,,,Мензелинск,,,,
,,,,,,Месягутово,,,,
,,,,,,Мехельта,,,,
,,,,,,Мещовск,,,,
,,,,,,Миасс,,,,
,,,,,,Мигулинская,,,,
,,,,,,Миллерово,,,,
,,,,,,Милославское,,,,
,,,,,,Мильково,,,,
,,,,,,Милютинская,,,,
,,,,,,Минусинск,,,,
,,,,,,Мирный,,,,
,,,,,,Михайлов,,,,
,,,,,,Михайловка,,,,
,,,,,,Михайловск,,,,
,,,,,,Михайловское,,,,
,,,,,,Михнево,,,,
,,,,,,Мичуринск,,,,
,,,,,,Мишкино,,,,
,,,,,,Моготуй,,,,
,,,,,,Могоча,,,,
,,,,,,Можайск,,,,
,,,,,,Можга,,,,
,,,,,,Моздок,,,,
,,,,,,Мокроус,,,,
,,,,,,Мокроусово,,,,
,,,,,,Мокшан,,,,
,,,,,,Молоково,,,,
,,,,,,Молчаново,,,,
,,,,,,Монастырщина,,,,
,,,,,,Монды,,,,
,,,,,,Монино,,,,
,,,,,,Мончегорск,,,,
,,,,,,Моргауши,,,,
,,,,,,Мордово,,,,
,,,,,,Морки,,,,
,,,,,,Морозовск,,,,
,,,,,,Моршанск,,,,
,,,,,,Мосальск,,,,
,,,,,,Москва,,,,
,,,,,,Мостовской,,,,
,,,,,,Мотыгино,,,,
,,,,,,Мошенское,,,,
,,,,,,Мошково,,,,
,,,,,,Мраково,,,,
,,,,,,Муезерский,,,,
,,,,,,Муравленко,,,,
,,,,,,Мураши,,,,
,,,,,,Мурманск,,,,
,,,,,,Мурмаши,,,,
,,,,,,Муром,,,,
,,,,,,Муромцево,,,,
,,,,,,Муслюмово,,,,
,,,,,,Муханово,,,,
,,,,,,Мухоршибирь,,,,
,,,,,,Мценск,,,,
,,,,,,Мыс Шмидта,,,,
,,,,,,Мытищи,,,,
,,,,,,Мышкино,,,,
,,,,,,Навашино,,,,
,,,,,,Навля,,,,
,,,,,,Нагорск,,,,
,,,,,,Надым,,,,
,,,,,,Назарово,,,,
,,,,,,Назрань,,,,
,,,,,,Называевск,,,,
,,,,,,Нальчик,,,,
,,,,,,Наровчат,,,,
,,,,,,Нарофоминск,,,,
,,,,,,Нарткала,,,,
,,,,,,Нарышкино,,,,
,,,,,,Нарьян-Мар,,,,
,,,,,,Наурская,,,,
,,,,,,Нахабино,,,,
,,,,,,Находка,,,,
,,,,,,Началово,,,,
,,,,,,Невель,,,,
,,,,,,Невельск,,,,
,,,,,,Неверкино,,,,
,,,,,,Невинномысск,,,,
,,,,,,Невьянск,,,,
,,,,,,Некрасовка,,,,
,,,,,,Некрасовское,,,,
,,,,,,Нелидово,,,,
,,,,,,Нелькан,,,,
,,,,,,Нема,,,,
,,,,,,Неман,,,,
,,,,,,Немчиновка,,,,
,,,,,,Нерехта,,,,
,,,,,,Нерчинск,,,,
,,,,,,Нерчинский Завод,,,,
,,,,,,Нерюнгри,,,,
,,,,,,Нестеров,,,,
,,,,,,Нефтегорск,,,,
,,,,,,Нефтекамск,,,,
,,,,,,Нефтекумск,,,,
,,,,,,Нефтеюганск,,,,
,,,,,,Нея,,,,
,,,,,,Нижнеангарск,,,,
,,,,,,Нижневартовск,,,,
,,,,,,Нижнедевицк,,,,
,,,,,,Нижнекамск,,,,
,,,,,,Нижнеудинск,,,,
,,,,,,Нижний Ингаш,,,,
,,,,,,Нижний Ломов,,,,
,,,,,,Нижний Новгород,,,,
,,,,,,Нижний Тагил,,,,
,,,,,,Нижний Часучей,,,,
,,,,,,Нижняя Омка,,,,
,,,,,,Нижняя Салда,,,,
,,,,,,Нижняя Тавда,,,,
,,,,,,Нижняя Тура,,,,
,,,,,,Никель,,,,
,,,,,,Николаевск,,,,
,,,,,,Николаевск-на-Амуре,,,,
,,,,,,Никольск,,,,
,,,,,,Новая Ляля,,,,
,,,,,,Новая Малыкла,,,,
,,,,,,Новая Усмань,,,,
,,,,,,Новгород,,,,
,,,,,,Новичиха,,,,
,,,,,,Новоалександровск,,,,
,,,,,,Новоалтайск,,,,
,,,,,,Новоаннинский,,,,
,,,,,,Новобурейский,,,,
,,,,,,Нововаршавка,,,,
,,,,,,Нововоронеж,,,,
,,,,,,Новодвинск,,,,
,,,,,,Новодугино,,,,
,,,,,,Новозыбков,,,,
,,,,,,Новокузнецк,,,,
,,,,,,Новокуйбышевск,,,,
,,,,,,Новолакское,,,,
,,,,,,Новомосковск,,,,
,,,,,,Новоорск,,,,
,,,,,,Новопавловск,,,,
,,,,,,Новопокровка,,,,
,,,,,,Новоржев,,,,
,,,,,,Новороссийск,,,,
,,,,,,Новоселицкое,,,,
,,,,,,Новоселово,,,,
,,,,,,Новосергиевка,,,,
,,,,,,Новосибирск,,,,
,,,,,,Новосиль,,,,
,,,,,,Новосокольники,,,,
,,,,,,Новоспасское,,,,
,,,,,,Новотроицк,,,,
,,,,,,Новоузенск,,,,
,,,,,,Новоуральск,,,,
,,,,,,Новохоперск,,,,
,,,,,,Новочебоксарск,,,,
,,,,,,Новочеркасск,,,,
,,,,,,Новошахтинск,,,,
,,,,,,Новошешминск,,,,
,,,,,,Новый Некоуз,,,,
,,,,,,Новый Оскол,,,,
,,,,,,Новый Торьял,,,,
,,,,,,Новый Уренгой,,,,
,,,,,,Ногинск,,,,
,,,,,,Ноглики,,,,
,,,,,,Ножай-Юрт,,,,
,,,,,,Нолинск,,,,
,,,,,,Норильск,,,,
,,,,,,Ноябрьск,,,,
,,,,,,Нурлат,,,,
,,,,,,Ныроб,,,,
,,,,,,Нытва,,,,
,,,,,,Нычалах,,,,
,,,,,,Нюксеница,,,,
,,,,,,Нюрба,,,,
,,,,,,Нягань,,,,
,,,,,,Няндома,,,,
,,,,,,Обливская,,,,
,,,,,,Облучье,,,,
,,,,,,Обнинск,,,,
,,,,,,Обоянь,,,,
,,,,,,Обухово,,,,
,,,,,,Объячево,,,,
,,,,,,Одинцово,,,,
,,,,,,Одоев,,,,
,,,,,,Ожерелье,,,,
,,,,,,Озерновский,,,,
,,,,,,Озерск,,,,
,,,,,,Озеры,,,,
,,,,,,Озинки,,,,
,,,,,,Оконешниково,,,,
,,,,,,Октябрьск,,,,
,,,,,,Октябрьский,,,,
,,,,,,Окуловка,,,,
,,,,,,Олекминск,,,,
,,,,,,Оленегорск,,,,
,,,,,,Оленино,,,,
,,,,,,Оловянная,,,,
,,,,,,Олонец,,,,
,,,,,,Ольга,,,,
,,,,,,Омск,,,,
,,,,,,Омсукчан,,,,
,,,,,,Омутнинск,,,,
,,,,,,Онгудай,,,,
,,,,,,Онега,,,,
,,,,,,Опарино,,,,
,,,,,,Опочка,,,,
,,,,,,Орда,,,,
,,,,,,Орджоникидзе,,,,
,,,,,,Орджоникидзевская,,,,
,,,,,,Орел,,,,
,,,,,,Оренбург,,,,
,,,,,,Орехово-Зуево,,,,
,,,,,,Оричи,,,,
,,,,,,Орлик,,,,
,,,,,,Орловский,,,,
,,,,,,Орск,,,,
,,,,,,Оршанка,,,,
,,,,,,Оса,,,,
,,,,,,Оссора,,,,
,,,,,,Осташков,,,,
,,,,,,Остров,,,,
,,,,,,Островское,,,,
,,,,,,Острогожск,,,,
,,,,,,Отрадная,,,,
,,,,,,Отрадный,,,,
,,,,,,Оус,,,,
,,,,,,Оха,,,,
,,,,,,Оханск,,,,
,,,,,,Охотск,,,,
,,,,,,Очер,,,,
,,,,,,Павино,,,,
,,,,,,Павловка,,,,
,,,,,,Павлово,,,,
,,,,,,Павловск,,,,
,,,,,,Павловский Посад,,,,
,,,,,,Павлоградка,,,,
,,,,,,Палана,,,,
,,,,,,Палатка,,,,
,,,,,,Палех,,,,
,,,,,,Палкино,,,,
,,,,,,Палласовка,,,,
,,,,,,Панино,,,,
,,,,,,Парабель,,,,
,,,,,,Параньга,,,,
,,,,,,Парголово,,,,
,,,,,,Партизанск,,,,
,,,,,,Партизанское,,,,
,,,,,,Парфентьево,,,,
,,,,,,Парфино,,,,
,,,,,,Пахачи,,,,
,,,,,,Пачелма,,,,
,,,,,,Певек,,,,
,,,,,,Пенза,,,,
,,,,,,Пено,,,,
,,,,,,Первомайск,,,,
,,,,,,Первомайский,,,,
,,,,,,Первомайское,,,,
,,,,,,Первоуральск,,,,
,,,,,,Перевоз,,,,
,,,,,,Перелюб,,,,
,,,,,,Переметное,,,,
,,,,,,Перемышль,,,,
,,,,,,Переславль-Залесский,,,,
,,,,,,Переяславка,,,,
,,,,,,Пермь,,,,
,,,,,,Пестово,,,,
,,,,,,Пестравка,,,,
,,,,,,Пестрецы,,,,
,,,,,,Пестяки,,,,
,,,,,,Песчанокопское,,,,
,,,,,,Петровск,,,,
,,,,,,Петровск-Забайкальский,,,,
,,,,,,Петровское,,,,
,,,,,,Петрозаводск,,,,
,,,,,,Петропавловка,,,,
,,,,,,Петропавловск-Камчатский,,,,
,,,,,,Петропавловское,,,,
,,,,,,Петухово,,,,
,,,,,,Петушки,,,,
,,,,,,Печора,,,,
,,,,,,Печоры,,,,
,,,,,,Пижанка,,,,
,,,,,,Пикалёво,,,,
,,,,,,Пильна,,,,
,,,,,,Пинега,,,,
,,,,,,Пировское,,,,
,,,,,,Пироговский,,,,
,,,,,,Пителино,,,,
,,,,,,Питерка,,,,
,,,,,,Питкяранта,,,,
,,,,,,Пичаево,,,,
,,,,,,Плавск,,,,
,,,,,,Пласт,,,,
,,,,,,Плесецк,,,,
,,,,,,Плюсса,,,,
,,,,,,Повенец,,,,
,,,,,,Поворино,,,,
,,,,,,Погар,,,,
,,,,,,Пограничный,,,,
,,,,,,Подгорное,,,,
,,,,,,Поддорье,,,,
,,,,,,Подольск,,,,
,,,,,,Подосиновец,,,,
,,,,,,Подпорожье,,,,
,,,,,,Покачи,,,,
,,,,,,Покров,,,,
,,,,,,Покровка,,,,
,,,,,,Покровск,,,,
,,,,,,Покровское,,,,
,,,,,,Полевской,,,,
,,,,,,Полесск,,,,
,,,,,,Половинное,,,,
,,,,,,Полтавка,,,,
,,,,,,Полушкино,,,,
,,,,,,Полярный,,,,
,,,,,,Поназырево,,,,
,,,,,,Пономаревка,,,,
,,,,,,Поныри,,,,
,,,,,,Порецкое,,,,
,,,,,,Поронайск,,,,
,,,,,,Порхов,,,,
,,,,,,Поспелиха,,,,
,,,,,,Похвистнево,,,,
,,,,,,Почеп,,,,
,,,,,,Починки,,,,
,,,,,,Починок,,,,
,,,,,,Поярково,,,,
,,,,,,Правдинск,,,,
,,,,,,Преградная,,,,
,,,,,,Приаргунск,,,,
,,,,,,Привокзальный,,,,
,,,,,,Приволжск,,,,
,,,,,,Приволжье,,,,
,,,,,,Приморско-Ахтарск,,,,
,,,,,,Приобье,,,,
,,,,,,Приозерск,,,,
,,,,,,Пристень,,,,
,,,,,,Приютное,,,,
,,,,,,Провидения,,,,
,,,,,,Прокопьевск,,,,
,,,,,,Пролетарск,,,,
,,,,,,Пронск,,,,
,,,,,,Протвино,,,,
,,,,,,Прохладный,,,,
,,,,,,Пряжа,,,,
,,,,,,Прямицыно,,,,
,,,,,,Псков,,,,
,,,,,,Пугачев,,,,
,,,,,,Пудож,,,,
,,,,,,Пуровск,,,,
,,,,,,Пустошка,,,,
,,,,,,Путятино,,,,
,,,,,,Пучеж,,,,
,,,,,,Пушкин,,,,
,,,,,,Пушкино,,,,
,,,,,,Пущино,,,,
,,,,,,Пыталово,,,,
,,,,,,Пыть-Ях,,,,
,,,,,,Пышма,,,,
,,,,,,Пятигорск,,,,
,,,,,,Радищево,,,,
,,,,,,Радовицкий,,,,
,,,,,,Радужный,,,,
,,,,,,Раевский,,,,
,,,,,,Райчихинск,,,,
,,,,,,Ракитное,,,,
,,,,,,Раменское,,,,
,,,,,,Рамешки,,,,
,,,,,,Рамонь,,,,
,,,,,,Рассказово,,,,
,,,,,,Ребриха,,,,
,,,,,,Ревда,,,,
,,,,,,Реж,,,,
,,,,,,Репьевка,,,,
,,,,,,Реутов,,,,
,,,,,,Решетниково,,,,
,,,,,,Ржакса,,,,
,,,,,,Ржаница,,,,
,,,,,,Ржев,,,,
,,,,,,Ровеньки,,,,
,,,,,,Ровное,,,,
,,,,,,Рогнедино,,,,
,,,,,,Родино,,,,
,,,,,,Родионово-Несветайская,,,,
,,,,,,Романовка,,,,
,,,,,,Ромны,,,,
,,,,,,Ромоданово,,,,
,,,,,,Рославль,,,,
,,,,,,Россошь,,,,
,,,,,,Ростов,,,,
,,,,,,Ростов-на-Дону,,,,
,,,,,,Рошаль,,,,
,,,,,,Ртищево,,,,
,,,,,,Рублево,,,,
,,,,,,Рубцовск,,,,
,,,,,,Рудня,,,,
,,,,,,Руза,,,,
,,,,,,Рузаевка,,,,
,,,,,,Русская Поляна,,,,
,,,,,,Русский Камешкир,,,,
,,,,,,Русский,,,,
,,,,,,Рутул,,,,
,,,,,,Рыбинск,,,,
,,,,,,Рыбная Слобода,,,,
,,,,,,Рыбное,,,,
,,,,,,Рыльск,,,,
,,,,,,Ряжск,,,,
,,,,,,Рязань,,,,
,,,,,,Савино,,,,
,,,,,,Сайхин,,,,
,,,,,,Салават,,,,
,,,,,,Салехард,,,,
,,,,,,Салтыковка,,,,
,,,,,,Сальск,,,,
,,,,,,Самагалтай,,,,
,,,,,,Самара,,,,
,,,,,,Самарга,,,,
,,,,,,Самойловка,,,,
,,,,,,Сангар,,,,
,,,,,,Сандово,,,,
,,,,,,Санкт-Петербург,,,,
,,,,,,Санчурск,,,,
,,,,,,Сапожок,,,,
,,,,,,Саракташ,,,,
,,,,,,Саранск,,,,
,,,,,,Сарапул,,,,
,,,,,,Саратов,,,,
,,,,,,Саргатское,,,,
,,,,,,Сарманово,,,,
,,,,,,Саров,,,,
,,,,,,Сарыг-Сеп,,,,
,,,,,,Саскылах,,,,
,,,,,,Сасово,,,,
,,,,,,Сатка,,,,
,,,,,,Сафакулево,,,,
,,,,,,Сафоново,,,,
,,,,,,Саяногорск,,,,
,,,,,,Саянск,,,,
,,,,,,Свердловск,,,,
,,,,,,Светлогорск,,,,
,,,,,,Светлоград,,,,
,,,,,,Светлый Яр,,,,
,,,,,,Светлый,,,,
,,,,,,Свеча,,,,
,,,,,,Свободный,,,,
,,,,,,Себеж,,,,
,,,,,,Северо-Курильск,,,,
,,,,,,Северобайкальск,,,,
,,,,,,Северодвинск,,,,
,,,,,,Североморск,,,,
,,,,,,Североуральск,,,,
,,,,,,Северск,,,,
,,,,,,Северская,,,,
,,,,,,Севск,,,,
,,,,,,Сегежа,,,,
,,,,,,Седельниково,,,,
,,,,,,Сеймчан,,,,
,,,,,,Селенгинск,,,,
,,,,,,Селижарово,,,,
,,,,,,Селты,,,,
,,,,,,Семикаракорск,,,,
,,,,,,Семилуки,,,,
,,,,,,Сенгилей,,,,
,,,,,,Серафимович,,,,
,,,,,,Сергач,,,,
,,,,,,Сергиев Посад,,,,
,,,,,,Сердобск,,,,
,,,,,,Сернур,,,,
,,,,,,Серов,,,,
,,,,,,Серпухов,,,,
,,,,,,Серышево,,,,
,,,,,,Сестрорецк,,,,
,,,,,,Сеченово,,,,
,,,,,,Сибай,,,,
,,,,,,Сим,,,,
,,,,,,Синегорье,,,,
,,,,,,Сковородино,,,,
,,,,,,Скопин,,,,
,,,,,,Славгород,,,,
,,,,,,Славск,,,,
,,,,,,Славянка,,,,
,,,,,,Славянск-на-Кубани,,,,
,,,,,,Сладково,,,,
,,,,,,Сланцы,,,,
,,,,,,Слободской,,,,
,,,,,,Слюдянка,,,,
,,,,,,Смидович,,,,
,,,,,,Смирных,,,,
,,,,,,Смоленск,,,,
,,,,,,Смоленское,,,,
,,,,,,Снежинск,,,,
,,,,,,Снежногорск,,,,
,,,,,,Собинка,,,,
,,,,,,Советск,,,,
,,,,,,Советская Гавань,,,,
,,,,,,Советский,,,,
,,,,,,Советское,,,,
,,,,,,Сокол,,,,
,,,,,,Сокольское,,,,
,,,,,,Солигалич,,,,
,,,,,,Соликамск,,,,
,,,,,,Солнечногорск,,,,
,,,,,,Солнечнодольск,,,,
,,,,,,Солнцево,,,,
,,,,,,Солонешное,,,,
,,,,,,Солтон,,,,
,,,,,,Соль-Илецк,,,,
,,,,,,Сольвычегодск,,,,
,,,,,,Сольцы,,,,
,,,,,,Сонково,,,,
,,,,,,Сорочинск,,,,
,,,,,,Сортавала,,,,
,,,,,,Сосково,,,,
,,,,,,Сосново-Озерское,,,,
,,,,,,Сосновоборск,,,,
,,,,,,Сосновское,,,,
,,,,,,Сосновый Бор,,,,
,,,,,,Сосногорск,,,,
,,,,,,Сосьва,,,,
,,,,,,Софийск,,,,
,,,,,,Софпорог,,,,
,,,,,,Софрино,,,,
,,,,,,Сочи,,,,
,,,,,,Спас-Деменск,,,,
,,,,,,Спас-Клепики,,,,
,,,,,,Спасск-Дальний,,,,
,,,,,,Спасск-Рязанский,,,,
,,,,,,Спасское,,,,
,,,,,,Спирово,,,,
,,,,,,Среднеколымск,,,,
,,,,,,Среднеуральск,,,,
,,,,,,Средняя Ахтуба,,,,
,,,,,,Сретенск,,,,
,,,,,,Ставрополь,,,,
,,,,,,Старая Кулатка,,,,
,,,,,,Старая Купавна,,,,
,,,,,,Старая Майна,,,,
,,,,,,Старая Полтавка,,,,
,,,,,,Старая Русса,,,,
,,,,,,Старбеево,,,,
,,,,,,Старица,,,,
,,,,,,Староаллейское,,,,
,,,,,,Старобалтачево,,,,
,,,,,,Стародуб,,,,
,,,,,,Старое Дрожжаное,,,,
,,,,,,Старое Шайгово,,,,
,,,,,,Старожилово,,,,
,,,,,,Староминская,,,,
,,,,,,Старосубхангулово,,,,
,,,,,,Старощербиновская,,,,
,,,,,,Староюрьево,,,,
,,,,,,Старый Оскол,,,,
,,,,,,Степное,,,,
,,,,,,Стерлибашево,,,,
,,,,,,Стерлитамак,,,,
,,,,,,Стойба,,,,
,,,,,,Стрежевой,,,,
,,,,,,Строитель,,,,
,,,,,,Ступино,,,,
,,,,,,Суворов,,,,
,,,,,,Суджа,,,,
,,,,,,Судиславль,,,,
,,,,,,Судогда,,,,
,,,,,,Суздаль,,,,
,,,,,,Суземка,,,,
,,,,,,Сузун,,,,
,,,,,,Суксун,,,,
,,,,,,Суна,,,,
,,,,,,Сунтар,,,,
,,,,,,Суоярви,,,,
,,,,,,Сура,,,,
,,,,,,Сураж,,,,
,,,,,,Сургут,,,,
,,,,,,Суровикино,,,,
,,,,,,Сурское,,,,
,,,,,,Сусанино,,,,
,,,,,,Сусуман,,,,
,,,,,,Сухиничи,,,,
,,,,,,Сухой Лог,,,,
,,,,,,Сызрань,,,,
,,,,,,Сыктывкар,,,,
,,,,,,Сысерть,,,,
,,,,,,Сычевка,,,,
,,,,,,Сюмси,,,,
,,,,,,Сямжа,,,,
,,,,,,Тавда,,,,
,,,,,,Таврическое,,,,
,,,,,,Таганрог,,,,
,,,,,,Тайга,,,,
,,,,,,Тайшет,,,,
,,,,,,Таксимо,,,,
,,,,,,Талдом,,,,
,,,,,,Талица,,,,
,,,,,,Таловая,,,,
,,,,,,Тальменка,,,,
,,,,,,Тамала,,,,
,,,,,,Тамбов,,,,
,,,,,,Тамбовка,,,,
,,,,,,Тара,,,,
,,,,,,Тарко,,,,
,,,,,,Тарко-Сале,,,,
,,,,,,Тарногский Городок,,,,
,,,,,,Тарумовка,,,,
,,,,,,Таруса,,,,
,,,,,,Тасеево,,,,
,,,,,,Татарск,,,,
,,,,,,Татищево,,,,
,,,,,,Ташла,,,,
,,,,,,Таштагол,,,,
,,,,,,Таштып,,,,
,,,,,,Тбилисская,,,,
,,,,,,Тверь,,,,
,,,,,,Теберда,,,,
,,,,,,Тевриз,,,,
,,,,,,Тейково,,,,
,,,,,,Текстильщик,,,,
,,,,,,Темников,,,,
,,,,,,Темрюк,,,,
,,,,,,Теньгушево,,,,
,,,,,,Тербуны,,,,
,,,,,,Терек,,,,
,,,,,,Терекли-Мектеб,,,,
,,,,,,Тереньга,,,,
,,,,,,Терней,,,,
,,,,,,Терновка,,,,
,,,,,,Тетюши,,,,
,,,,,,Тигиль,,,,
,,,,,,Тикси,,,,
,,,,,,Тиличики,,,,
,,,,,,Тим,,,,
,,,,,,Тимашевск,,,,
,,,,,,Тисуль,,,,
,,,,,,Тихвин,,,,
,,,,,,Тихорецк,,,,
,,,,,,Тишково,,,,
,,,,,,Тлярата,,,,
,,,,,,Тобольск,,,,
,,,,,,Тогучин,,,,
,,,,,,Токаревка,,,,
,,,,,,Тольятти,,,,
,,,,,,Томари,,,,
,,,,,,Томилино,,,,
,,,,,,Томск,,,,
,,,,,,Тонкино,,,,
,,,,,,Тоншаево,,,,
,,,,,,Тоора-Хем,,,,
,,,,,,Топчиха,,,,
,,,,,,Торбеево,,,,
,,,,,,Торжок,,,,
,,,,,,Торопец,,,,
,,,,,,Тосно,,,,
,,,,,,Тотьма,,,,
,,,,,,Тоцкое,,,,
,,,,,,Тпиг,,,,
,,,,,,Трехгорный,,,,
,,,,,,Троицк,,,,
,,,,,,Троицко-Печерск,,,,
,,,,,,Троицкое,,,,
,,,,,,Тросна,,,,
,,,,,,Трубчевск,,,,
,,,,,,Туапсе,,,,
,,,,,,Туголесский Бор,,,,
,,,,,,Тугулым,,,,
,,,,,,Тугур,,,,
,,,,,,Тужа,,,,
,,,,,,Туймазы,,,,
,,,,,,Тула,,,,
,,,,,,Тулун,,,,
,,,,,,Тульский,,,,
,,,,,,Тупик,,,,
,,,,,,Тура,,,,
,,,,,,Туран,,,,
,,,,,,Туринск,,,,
,,,,,,Туринская Слобода,,,,
,,,,,,Турочак,,,,
,,,,,,Турунтаево,,,,
,,,,,,Туруханск,,,,
,,,,,,Тутаев,,,,
,,,,,,Тучково,,,,
,,,,,,Тымовское,,,,
,,,,,,Тымск,,,,
,,,,,,Тында,,,,
,,,,,,Тырныауз,,,,
,,,,,,Тээли,,,,
,,,,,,Тюкалинск,,,,
,,,,,,Тюльган,,,,
,,,,,,Тюменцево,,,,
,,,,,,Тюмень,,,,
,,,,,,Тюхтет,,,,
,,,,,,Убинское,,,,
,,,,,,Ува,,,,
,,,,,,Уваровка,,,,
,,,,,,Уварово,,,,
,,,,,,Уват,,,,
,,,,,,Углегорск,,,,
,,,,,,Углич,,,,
,,,,,,Угловское,,,,
,,,,,,Угра,,,,
,,,,,,Удомля,,,,
,,,,,,Ужур,,,,
,,,,,,Узловая,,,,
,,,,,,Уинское,,,,
,,,,,,Уйское,,,,
,,,,,,Улан-Удэ,,,,
,,,,,,Ульяново,,,,
,,,,,,Ульяновск,,,,
,,,,,,Умба,,,,
,,,,,,Умет,,,,
,,,,,,Унеча,,,,
,,,,,,Уни,,,,
,,,,,,Унъюган,,,,
,,,,,,Упорово,,,,
,,,,,,Уразовка,,,,
,,,,,,Урай,,,,
,,,,,,Уральск,,,,
,,,,,,Урень,,,,
,,,,,,Уржум,,,,
,,,,,,Уркарах,,,,
,,,,,,Урмары,,,,
,,,,,,Урус-Мартан,,,,
,,,,,,Урюпинск,,,,
,,,,,,Усвяты,,,,
,,,,,,Усинск,,,,
,,,,,,Усмань,,,,
,,,,,,Усогорск,,,,
,,,,,,Усолье,,,,
,,,,,,Усолье-Сибирское,,,,
,,,,,,Успенское,,,,
,,,,,,Уссурийск,,,,
,,,,,,Усть-Авам,,,,
,,,,,,Усть-Белая,,,,
,,,,,,Усть-Большерецк,,,,
,,,,,,Усть-Джегута,,,,
,,,,,,Усть-Илимск,,,,
,,,,,,Усть-Ишим,,,,
,,,,,,Усть-Калманка,,,,
,,,,,,Усть-Камчатск,,,,
,,,,,,Усть-Кан,,,,
,,,,,,Усть-Катав,,,,
,,,,,,Усть-Кишерть,,,,
,,,,,,Усть-Кокса,,,,
,,,,,,Усть-Кулом,,,,
,,,,,,Усть-Кут,,,,
,,,,,,Усть-Лабинск,,,,
,,,,,,Усть-Мая,,,,
,,,,,,Усть-Нера,,,,
,,,,,,Усть-Омчуг,,,,
,,,,,,Усть-Ордынский,,,,
,,,,,,Усть-Тарка,,,,
,,,,,,Усть-Уда,,,,
,,,,,,Усть-Цильма,,,,
,,,,,,Усть-Чарышская Пристань,,,,
,,,,,,Устюжна,,,,
,,,,,,Утта,,,,
,,,,,,Уфа,,,,
,,,,,,Ухолово,,,,
,,,,,,Ухта,,,,
,,,,,,Уяр,,,,
,,,,,,Фаленки,,,,
,,,,,,Фатеж,,,,
,,,,,,Федоровка,,,,
,,,,,,Ферзиково,,,,
,,,,,,Фершампенуаз,,,,
,,,,,,Фирово,,,,
,,,,,,Фирсановка,,,,
,,,,,,Фокино,,,,
,,,,,,Фролово,,,,
,,,,,,Фрязино,,,,
,,,,,,Фряново,,,,
,,,,,,Фурманов,,,,
,,,,,,Фурманово,,,,
,,,,,,Хабаровск,,,,
,,,,,,Хабары,,,,
,,,,,,Хабез,,,,
,,,,,,Хандыга,,,,
,,,,,,Ханты-Мансийск,,,,
,,,,,,Харабали,,,,
,,,,,,Харовск,,,,
,,,,,,Хасавюрт,,,,
,,,,,,Хасан,,,,
,,,,,,Хатанга,,,,
,,,,,,Хвалынск,,,,
,,,,,,Хвастовичи,,,,
,,,,,,Хвойное,,,,
,,,,,,Хворостянка,,,,
,,,,,,Хив,,,,
,,,,,,Хилок,,,,
,,,,,,Химки,,,,
,,,,,,Хиславичи,,,,
,,,,,,Хлевное,,,,
,,,,,,Хову-Аксы,,,,
,,,,,,Холм,,,,
,,,,,,Холмогоры,,,,
,,,,,,Холмск,,,,
,,,,,,Хомутовка,,,,
,,,,,,Хомутово,,,,
,,,,,,Хоринск,,,,
,,,,,,Хорлово,,,,
,,,,,,Хороль,,,,
,,,,,,Хотынец,,,,
,,,,,,Хотьково,,,,
,,,,,,Хунзах,,,,
,,,,,,Целина,,,,
,,,,,,Целинное,,,,
,,,,,,Цивильск,,,,
,,,,,,Цимлянск,,,,
,,,,,,Цуриб,,,,
,,,,,,Чагода,,,,
,,,,,,Чадан,,,,
,,,,,,Чайковский,,,,
,,,,,,Чалтырь,,,,
,,,,,,Чамзинка,,,,
,,,,,,Чапаев,,,,
,,,,,,Чапаевск,,,,
,,,,,,Чаплыгин,,,,
,,,,,,Чарышское,,,,
,,,,,,Чебаркуль,,,,
,,,,,,Чебоксары,,,,
,,,,,,Чегдомын,,,,
,,,,,,Чекмагуш,,,,
,,,,,,Челябинск,,,,
,,,,,,Чердынь,,,,
,,,,,,Черемисиново,,,,
,,,,,,Черемушки,,,,
,,,,,,Черемхово,,,,
,,,,,,Черепаново,,,,
,,,,,,Череповец,,,,
,,,,,,Черкесск,,,,
,,,,,,Черкизово,,,,
,,,,,,Черлак,,,,
,,,,,,Черниговка,,,,
,,,,,,Черноголовка,,,,
,,,,,,Черногорск,,,,
,,,,,,Чернореченский,,,,
,,,,,,Чернушка,,,,
,,,,,,Чернышевск,,,,
,,,,,,Чернышковский,,,,
,,,,,,Чернянка,,,,
,,,,,,Черняховск,,,,
,,,,,,Черский,,,,
,,,,,,Чертково,,,,
,,,,,,Черусти,,,,
,,,,,,Чесма,,,,
,,,,,,Чехов,,,,
,,,,,,Чикола,,,,
,,,,,,Чистоозерное,,,,
,,,,,,Чистополь,,,,
,,,,,,Чита,,,,
,,,,,,Чишмы,,,,
,,,,,,Чкаловск,,,,
,,,,,,Чокурдах,,,,
,,,,,,Чугуевка,,,,
,,,,,,Чудово,,,,
,,,,,,Чулым,,,,
,,,,,,Чумикан,,,,
,,,,,,Чурапча,,,,
,,,,,,Чусовой,,,,
,,,,,,Чухлома,,,,
,,,,,,Чучково,,,,
,,,,,,Шаблыкино,,,,
,,,,,,Шагонар,,,,
,,,,,,Шадринск,,,,
,,,,,,Шали,,,,
,,,,,,Шалинское,,,,
,,,,,,Шаран,,,,
,,,,,,Шаранга,,,,
,,,,,,Шарапово,,,,
,,,,,,Шаркан,,,,
,,,,,,Шарлык,,,,
,,,,,,Шарыпово,,,,
,,,,,,Шарья,,,,
,,,,,,Шатки,,,,
,,,,,,Шатрово,,,,
,,,,,,Шатура,,,,
,,,,,,Шатурторф,,,,
,,,,,,Шаховская,,,,
,,,,,,Шахтерск,,,,
,,,,,,Шахты,,,,
,,,,,,Шахунья,,,,
,,,,,,Шацк,,,,
,,,,,,Шебалино,,,,
,,,,,,Шебекино,,,,
,,,,,,Шексна,,,,
,,,,,,Шелаболиха,,,,
,,,,,,Шелехов,,,,
,,,,,,Шемурша,,,,
,,,,,,Шемышейка,,,,
,,,,,,Шемятино,,,,
,,,,,,Шенкурск,,,,
,,,,,,Шентала,,,,
,,,,,,Шербакуль,,,,
,,,,,,Шигоны,,,,
,,,,,,Шилка,,,,
,,,,,,Шилово,,,,
,,,,,,Шимановск,,,,
,,,,,,Шимск,,,,
,,,,,,Шипуново,,,,
,,,,,,Шира,,,,
,,,,,,Шлиссельбург,,,,
,,,,,,Шумерля,,,,
,,,,,,Шумиха,,,,
,,,,,,Шумячи,,,,
,,,,,,Шушенское,,,,
,,,,,,Шуя,,,,
,,,,,,Щекино,,,,
,,,,,,Щелково,,,,
,,,,,,Щербинка,,,,
,,,,,,Щигры,,,,
,,,,,,Щучье,,,,
,,,,,,Эвенск,,,,
,,,,,,Эгвекинот,,,,
,,,,,,Экимчан,,,,
,,,,,,Электрогорск,,,,
,,,,,,Электросталь,,,,
,,,,,,Электроугли,,,,
,,,,,,Элиста,,,,
,,,,,,Энгельс,,,,
,,,,,,Энергетик,,,,
,,,,,,Эрзин,,,,
,,,,,,Эртиль,,,,
,,,,,,Югорск,,,,
,,,,,,Южа,,,,
,,,,,,Южно-Курильск,,,,
,,,,,,Южно-Сахалинск,,,,
,,,,,,Южно-Сухокумск,,,,
,,,,,,Юкаменское,,,,
,,,,,,Юрга,,,,
,,,,,,Юргамыш,,,,
,,,,,,Юрибей,,,,
,,,,,,Юрино,,,,
,,,,,,Юрла,,,,
,,,,,,Юрьев-Польский,,,,
,,,,,,Юрьевец,,,,
,,,,,,Юрья,,,,
,,,,,,Юрюзань,,,,
,,,,,,Юста,,,,
,,,,,,Юсьва,,,,
,,,,,,Юхнов,,,,
,,,,,,Ягодное,,,,
,,,,,,Ядрин,,,,
,,,,,,Ядрино,,,,
,,,,,,Яковлевка,,,,
,,,,,,Якутск,,,,
,,,,,,Якшур-Бодья,,,,
,,,,,,Ялуторовск,,,,
,,,,,,Яльчики,,,,
,,,,,,Янаул,,,,
,,,,,,Янтиково,,,,
,,,,,,Яр,,,,
,,,,,,Яр-Сале,,,,
,,,,,,Яранск,,,,
,,,,,,Яренск,,,,
,,,,,,Ярково,,,,
,,,,,,Ярославль,,,,
,,,,,,Ярцево,,,,
,,,,,,Ясногорск,,,,
,,,,,,Ясный,,,,
,,,,,,Яхрома,,,,
,,,,,,Яшалта,,,,
,,,,,,Яшкино,,,,
,,,,,,Яшкуль,,,,